Time,FLR_3_DOAS:DesPer 1:Des Heat Mass Flow [kg/s],FLR_3_DOAS:DesPer 1:Des Heat Cap [W],FLR_3_DOAS:DesPer 1:Des Cool Mass Flow [kg/s],FLR_3_DOAS:DesPer 1:Des Sens Cool Cap [W],FLR_3_DOAS:DesPer 1:Des Tot Cool Cap [W],FLR_3_DOAS:DesPer 2:Des Heat Mass Flow [kg/s],FLR_3_DOAS:DesPer 2:Des Heat Cap [W],FLR_3_DOAS:DesPer 2:Des Cool Mass Flow [kg/s],FLR_3_DOAS:DesPer 2:Des Sens Cool Cap [W],FLR_3_DOAS:DesPer 2:Des Tot Cool Cap [W],FLR_6_DOAS:DesPer 1:Des Heat Mass Flow [kg/s],FLR_6_DOAS:DesPer 1:Des Heat Cap [W],FLR_6_DOAS:DesPer 1:Des Cool Mass Flow [kg/s],FLR_6_DOAS:DesPer 1:Des Sens Cool Cap [W],FLR_6_DOAS:DesPer 1:Des Tot Cool Cap [W],FLR_6_DOAS:DesPer 2:Des Heat Mass Flow [kg/s],FLR_6_DOAS:DesPer 2:Des Heat Cap [W],FLR_6_DOAS:DesPer 2:Des Cool Mass Flow [kg/s],FLR_6_DOAS:DesPer 2:Des Sens Cool Cap [W],FLR_6_DOAS:DesPer 2:Des Tot Cool Cap [W],VAV WITH REHEAT:DesPer 1:Des Heat Mass Flow [kg/s],VAV WITH REHEAT:DesPer 1:Des Heat Cap [W],VAV WITH REHEAT:DesPer 1:Des Cool Mass Flow [kg/s],VAV WITH REHEAT:DesPer 1:Des Sens Cool Cap [W],VAV WITH REHEAT:DesPer 1:Des Tot Cool Cap [W],VAV WITH REHEAT:DesPer 2:Des Heat Mass Flow [kg/s],VAV WITH REHEAT:DesPer 2:Des Heat Cap [W],VAV WITH REHEAT:DesPer 2:Des Cool Mass Flow [kg/s],VAV WITH REHEAT:DesPer 2:Des Sens Cool Cap [W],VAV WITH REHEAT:DesPer 2:Des Tot Cool Cap [W]
00:15:00,5.059611E+01,1.962499E+06,4.835313E+01,0.000000E+00,0.000000E+00,4.835313E+01,0.000000E+00,5.096997E+01,4.837759E+05,1.639044E+06,1.724959E+00,6.690690E+04,1.381994E+00,0.000000E+00,0.000000E+00,1.381994E+00,0.000000E+00,1.660578E+00,1.576120E+04,5.339928E+04,1.477944E+01,5.239855E+05,1.405350E+01,0.000000E+00,0.000000E+00,1.405350E+01,0.000000E+00,2.900897E+01,3.058186E+05,6.742846E+05
00:30:00,5.059607E+01,1.962497E+06,4.835313E+01,0.000000E+00,0.000000E+00,4.835313E+01,0.000000E+00,5.094916E+01,4.753614E+05,1.607433E+06,1.724959E+00,6.690690E+04,1.381994E+00,0.000000E+00,0.000000E+00,1.381994E+00,0.000000E+00,1.655577E+00,1.544672E+04,5.223305E+04,1.482457E+01,5.238176E+05,1.405350E+01,0.000000E+00,0.000000E+00,1.405350E+01,0.000000E+00,2.902302E+01,3.037653E+05,6.664043E+05
00:45:00,5.059602E+01,1.962495E+06,4.835313E+01,0.000000E+00,0.000000E+00,4.835313E+01,0.000000E+00,5.092887E+01,4.669583E+05,1.576073E+06,1.724959E+00,6.690690E+04,1.381994E+00,0.000000E+00,0.000000E+00,1.381994E+00,0.000000E+00,1.650757E+00,1.513551E+04,5.108525E+04,1.486968E+01,5.236502E+05,1.405350E+01,0.000000E+00,0.000000E+00,1.405350E+01,0.000000E+00,2.903882E+01,3.017313E+05,6.583888E+05
01:00:00,5.059598E+01,1.962494E+06,4.835313E+01,0.000000E+00,0.000000E+00,4.835313E+01,0.000000E+00,5.090908E+01,4.585662E+05,1.544959E+06,1.724958E+00,6.690690E+04,1.381994E+00,0.000000E+00,0.000000E+00,1.381994E+00,0.000000E+00,1.646102E+00,1.482735E+04,4.995493E+04,1.491480E+01,5.234831E+05,1.405350E+01,0.000000E+00,0.000000E+00,1.405350E+01,0.000000E+00,2.905624E+01,2.997157E+05,6.504524E+05
01:15:00,5.059594E+01,1.962492E+06,4.835313E+01,0.000000E+00,0.000000E+00,4.835313E+01,0.000000E+00,5.088995E+01,4.529222E+05,1.524165E+06,1.724958E+00,6.690690E+04,1.381994E+00,0.000000E+00,0.000000E+00,1.381994E+00,0.000000E+00,1.641628E+00,1.461054E+04,4.916712E+04,1.495992E+01,5.233164E+05,1.405350E+01,0.000000E+00,0.000000E+00,1.405350E+01,0.000000E+00,2.908024E+01,2.985449E+05,6.454657E+05
01:30:00,5.059590E+01,1.962491E+06,4.835313E+01,0.000000E+00,0.000000E+00,4.835313E+01,0.000000E+00,5.087147E+01,4.472880E+05,1.503497E+06,1.724958E+00,6.690690E+04,1.381994E+00,0.000000E+00,0.000000E+00,1.381994E+00,0.000000E+00,1.637326E+00,1.439621E+04,4.839087E+04,1.500505E+01,5.231501E+05,1.405350E+01,0.000000E+00,0.000000E+00,1.405350E+01,0.000000E+00,2.910754E+01,2.974164E+05,6.405610E+05
01:45:00,5.059590E+01,1.962491E+06,4.835313E+01,0.000000E+00,0.000000E+00,4.835313E+01,0.000000E+00,5.085350E+01,4.416623E+05,1.482948E+06,1.724958E+00,6.690690E+04,1.381994E+00,0.000000E+00,0.000000E+00,1.381994E+00,0.000000E+00,1.633166E+00,1.418403E+04,4.762503E+04,1.500505E+01,5.231501E+05,1.405350E+01,0.000000E+00,0.000000E+00,1.405350E+01,0.000000E+00,2.905750E+01,2.953264E+05,6.343604E+05
02:00:00,5.059591E+01,1.962491E+06,4.835313E+01,0.000000E+00,0.000000E+00,4.835313E+01,0.000000E+00,5.083598E+01,4.360442E+05,1.462515E+06,1.724958E+00,6.690690E+04,1.381994E+00,0.000000E+00,0.000000E+00,1.381994E+00,0.000000E+00,1.629144E+00,1.397394E+04,4.686931E+04,1.500506E+01,5.231501E+05,1.405350E+01,0.000000E+00,0.000000E+00,1.405350E+01,0.000000E+00,2.900854E+01,2.932509E+05,6.282009E+05
02:15:00,5.059591E+01,1.962491E+06,4.835313E+01,0.000000E+00,0.000000E+00,4.835313E+01,0.000000E+00,5.081895E+01,4.318002E+05,1.447147E+06,1.724958E+00,6.690690E+04,1.381994E+00,0.000000E+00,0.000000E+00,1.381994E+00,0.000000E+00,1.625281E+00,1.380974E+04,4.628234E+04,1.500509E+01,5.231500E+05,1.405350E+01,0.000000E+00,0.000000E+00,1.405350E+01,0.000000E+00,2.896109E+01,2.915717E+05,6.234554E+05
02:30:00,5.059592E+01,1.962491E+06,4.835313E+01,0.000000E+00,0.000000E+00,4.835313E+01,0.000000E+00,5.080245E+01,4.275632E+05,1.431853E+06,1.724958E+00,6.690690E+04,1.381994E+00,0.000000E+00,0.000000E+00,1.381994E+00,0.000000E+00,1.621578E+00,1.364752E+04,4.570374E+04,1.500511E+01,5.231499E+05,1.405350E+01,0.000000E+00,0.000000E+00,1.405350E+01,0.000000E+00,2.891529E+01,2.899122E+05,6.187489E+05
02:45:00,5.059592E+01,1.962491E+06,4.835313E+01,0.000000E+00,0.000000E+00,4.835313E+01,0.000000E+00,5.078628E+01,4.233318E+05,1.416628E+06,1.724958E+00,6.690690E+04,1.381994E+00,0.000000E+00,0.000000E+00,1.381994E+00,0.000000E+00,1.618003E+00,1.348695E+04,4.513243E+04,1.500513E+01,5.231498E+05,1.405350E+01,0.000000E+00,0.000000E+00,1.405350E+01,0.000000E+00,2.887074E+01,2.882672E+05,6.140735E+05
03:00:00,5.059593E+01,1.962492E+06,4.835313E+01,0.000000E+00,0.000000E+00,4.835313E+01,0.000000E+00,5.077043E+01,4.191055E+05,1.401471E+06,1.724958E+00,6.690690E+04,1.381994E+00,0.000000E+00,0.000000E+00,1.381994E+00,0.000000E+00,1.614547E+00,1.332795E+04,4.456808E+04,1.500515E+01,5.231497E+05,1.405350E+01,0.000000E+00,0.000000E+00,1.405350E+01,0.000000E+00,2.882735E+01,2.866358E+05,6.094282E+05
03:15:00,5.059593E+01,1.962492E+06,4.835313E+01,0.000000E+00,0.000000E+00,4.835313E+01,0.000000E+00,5.075491E+01,4.148845E+05,1.386380E+06,1.724958E+00,6.690690E+04,1.381994E+00,0.000000E+00,0.000000E+00,1.381994E+00,0.000000E+00,1.611207E+00,1.317044E+04,4.401043E+04,1.500517E+01,5.231497E+05,1.405350E+01,0.000000E+00,0.000000E+00,1.405350E+01,0.000000E+00,2.878508E+01,2.850173E+05,6.048125E+05
03:30:00,5.059594E+01,1.962492E+06,4.835313E+01,0.000000E+00,0.000000E+00,4.835313E+01,0.000000E+00,5.073971E+01,4.106687E+05,1.371357E+06,1.724958E+00,6.690690E+04,1.381994E+00,0.000000E+00,0.000000E+00,1.381994E+00,0.000000E+00,1.607978E+00,1.301438E+04,4.345926E+04,1.500518E+01,5.231496E+05,1.405350E+01,0.000000E+00,0.000000E+00,1.405350E+01,0.000000E+00,2.874389E+01,2.834111E+05,6.002254E+05
03:45:00,5.059594E+01,1.962492E+06,4.835313E+01,0.000000E+00,0.000000E+00,4.835313E+01,0.000000E+00,5.072472E+01,4.064568E+05,1.356396E+06,1.724958E+00,6.690690E+04,1.381994E+00,0.000000E+00,0.000000E+00,1.381994E+00,0.000000E+00,1.604839E+00,1.285956E+04,4.291392E+04,1.500520E+01,5.231496E+05,1.405350E+01,0.000000E+00,0.000000E+00,1.405350E+01,0.000000E+00,2.870352E+01,2.818145E+05,5.956633E+05
04:00:00,5.059595E+01,1.962492E+06,4.835313E+01,0.000000E+00,0.000000E+00,4.835313E+01,0.000000E+00,5.070990E+01,4.022488E+05,1.341496E+06,1.724958E+00,6.690690E+04,1.381994E+00,0.000000E+00,0.000000E+00,1.381994E+00,0.000000E+00,1.601784E+00,1.270592E+04,4.237413E+04,1.500521E+01,5.231495E+05,1.405350E+01,0.000000E+00,0.000000E+00,1.405350E+01,0.000000E+00,2.866391E+01,2.802266E+05,5.911251E+05
04:15:00,5.059595E+01,1.962493E+06,4.835313E+01,0.000000E+00,0.000000E+00,4.835313E+01,0.000000E+00,5.069538E+01,3.994083E+05,1.331473E+06,1.724958E+00,6.690690E+04,1.381994E+00,0.000000E+00,0.000000E+00,1.381994E+00,0.000000E+00,1.598827E+00,1.259651E+04,4.199191E+04,1.500523E+01,5.231495E+05,1.405350E+01,0.000000E+00,0.000000E+00,1.405350E+01,0.000000E+00,2.862525E+01,2.790274E+05,5.879467E+05
04:30:00,5.059596E+01,1.962493E+06,4.835313E+01,0.000000E+00,0.000000E+00,4.835313E+01,0.000000E+00,5.068118E+01,3.965718E+05,1.321485E+06,1.724958E+00,6.690690E+04,1.381994E+00,0.000000E+00,0.000000E+00,1.381994E+00,0.000000E+00,1.595967E+00,1.248817E+04,4.161399E+04,1.500524E+01,5.231494E+05,1.405350E+01,0.000000E+00,0.000000E+00,1.405350E+01,0.000000E+00,2.858756E+01,2.778393E+05,5.847890E+05
04:45:00,5.059596E+01,1.962493E+06,4.835313E+01,0.000000E+00,0.000000E+00,4.835313E+01,0.000000E+00,5.066730E+01,3.937393E+05,1.311532E+06,1.724958E+00,6.690690E+04,1.381994E+00,0.000000E+00,0.000000E+00,1.381994E+00,0.000000E+00,1.593200E+00,1.238088E+04,4.124027E+04,1.500525E+01,5.231494E+05,1.405350E+01,0.000000E+00,0.000000E+00,1.405350E+01,0.000000E+00,2.855084E+01,2.766623E+05,5.816511E+05
05:00:00,5.059596E+01,1.962493E+06,4.835313E+01,0.000000E+00,0.000000E+00,4.835313E+01,0.000000E+00,5.065988E+01,3.909582E+05,1.301771E+06,1.724958E+00,6.690690E+04,1.381994E+00,0.000000E+00,0.000000E+00,1.381994E+00,0.000000E+00,1.590693E+00,1.227588E+04,4.087493E+04,1.500526E+01,5.231493E+05,1.405350E+01,0.000000E+00,0.000000E+00,1.405350E+01,0.000000E+00,2.851987E+01,2.755529E+05,5.786102E+05
05:15:00,5.059597E+01,1.962493E+06,4.835313E+01,0.000000E+00,0.000000E+00,4.835313E+01,0.000000E+00,5.067533E+01,3.938017E+05,1.311740E+06,1.724958E+00,6.690690E+04,1.381994E+00,0.000000E+00,0.000000E+00,1.381994E+00,0.000000E+00,1.588882E+00,1.234732E+04,4.112850E+04,1.500527E+01,5.231493E+05,1.405350E+01,0.000000E+00,0.000000E+00,1.405350E+01,0.000000E+00,2.850636E+01,2.761604E+05,5.810909E+05
05:30:00,5.059597E+01,1.962493E+06,4.835313E+01,0.000000E+00,0.000000E+00,4.835313E+01,0.000000E+00,5.072301E+01,3.968991E+05,1.322576E+06,1.724958E+00,6.690690E+04,1.381994E+00,0.000000E+00,0.000000E+00,1.381994E+00,0.000000E+00,1.587991E+00,1.242577E+04,4.140604E+04,1.500529E+01,5.231492E+05,1.405350E+01,0.000000E+00,0.000000E+00,1.405350E+01,0.000000E+00,2.851472E+01,2.770261E+05,5.837824E+05
05:45:00,5.059598E+01,1.962494E+06,4.835313E+01,0.000000E+00,0.000000E+00,4.835313E+01,0.000000E+00,5.080274E+01,4.002541E+05,1.334293E+06,1.724958E+00,6.690690E+04,1.381994E+00,0.000000E+00,0.000000E+00,1.381994E+00,0.000000E+00,1.588012E+00,1.251130E+04,4.170785E+04,1.500530E+01,5.231492E+05,1.405350E+01,0.000000E+00,0.000000E+00,1.405350E+01,0.000000E+00,2.854301E+01,2.781278E+05,5.867314E+05
06:00:00,5.059598E+01,1.962494E+06,4.835313E+01,0.000000E+00,0.000000E+00,4.835313E+01,0.000000E+00,5.091305E+01,4.038603E+05,1.346871E+06,1.724958E+00,6.690690E+04,1.381994E+00,0.000000E+00,0.000000E+00,1.381994E+00,0.000000E+00,1.588949E+00,1.260410E+04,4.203457E+04,1.500531E+01,5.231492E+05,1.405350E+01,0.000000E+00,0.000000E+00,1.405350E+01,0.000000E+00,2.858937E+01,2.794440E+05,5.899882E+05
06:15:00,5.059598E+01,1.962494E+06,4.835313E+01,0.000000E+00,0.000000E+00,4.835313E+01,0.000000E+00,5.105304E+01,4.145769E+05,1.384719E+06,1.724958E+00,6.690690E+04,1.381994E+00,0.000000E+00,0.000000E+00,1.381994E+00,0.000000E+00,1.590892E+00,1.291886E+04,4.315001E+04,1.500532E+01,5.231491E+05,1.405350E+01,0.000000E+00,0.000000E+00,1.405350E+01,0.000000E+00,2.865369E+01,2.828619E+05,6.002746E+05
06:30:00,5.059599E+01,1.962494E+06,4.835313E+01,0.000000E+00,0.000000E+00,4.835313E+01,0.000000E+00,5.121310E+01,4.255129E+05,1.423580E+06,1.724958E+00,6.690690E+04,1.381994E+00,0.000000E+00,0.000000E+00,1.381994E+00,0.000000E+00,1.593667E+00,1.324126E+04,4.429947E+04,1.500533E+01,5.231491E+05,1.405350E+01,0.000000E+00,0.000000E+00,1.405350E+01,0.000000E+00,2.873034E+01,2.864255E+05,6.108458E+05
06:45:00,5.059599E+01,1.962494E+06,4.835313E+01,0.000000E+00,0.000000E+00,4.835313E+01,0.000000E+00,5.137265E+01,4.365048E+05,1.462914E+06,1.724958E+00,6.690690E+04,1.381994E+00,0.000000E+00,0.000000E+00,1.381994E+00,0.000000E+00,1.596767E+00,1.356746E+04,4.547036E+04,1.500534E+01,5.231490E+05,1.405350E+01,0.000000E+00,0.000000E+00,1.405350E+01,0.000000E+00,2.880638E+01,2.899813E+05,6.214898E+05
07:00:00,5.059600E+01,1.962494E+06,4.835313E+01,0.000000E+00,0.000000E+00,4.835313E+01,0.000000E+00,5.151859E+01,4.474386E+05,1.502342E+06,1.724958E+00,6.690690E+04,1.381994E+00,0.000000E+00,0.000000E+00,1.381994E+00,0.000000E+00,1.599938E+00,1.389545E+04,4.665607E+04,1.500535E+01,5.231490E+05,1.405350E+01,0.000000E+00,0.000000E+00,1.405350E+01,0.000000E+00,2.887594E+01,2.934591E+05,6.321172E+05
07:15:00,5.059600E+01,1.962494E+06,4.835313E+01,0.000000E+00,0.000000E+00,4.835313E+01,0.000000E+00,5.164795E+01,4.721631E+05,1.593154E+06,1.724958E+00,6.690690E+04,1.381994E+00,0.000000E+00,0.000000E+00,1.381994E+00,0.000000E+00,1.603282E+00,1.465713E+04,4.945552E+04,1.496125E+01,5.233115E+05,1.405350E+01,0.000000E+00,0.000000E+00,1.405350E+01,0.000000E+00,2.885960E+01,2.996488E+05,6.553775E+05
07:30:00,5.059600E+01,1.962495E+06,4.835313E+01,0.000000E+00,0.000000E+00,4.835313E+01,0.000000E+00,5.175636E+01,4.968047E+05,1.685404E+06,1.724958E+00,6.690690E+04,1.381994E+00,0.000000E+00,0.000000E+00,1.381994E+00,0.000000E+00,1.606793E+00,1.542347E+04,5.232393E+04,1.491717E+01,5.234744E+05,1.405350E+01,0.000000E+00,0.000000E+00,1.405350E+01,0.000000E+00,2.883855E+01,3.057819E+05,6.792591E+05
07:45:00,5.059601E+01,1.962495E+06,4.835313E+01,0.000000E+00,0.000000E+00,4.835313E+01,0.000000E+00,5.184402E+01,5.213368E+05,1.779043E+06,1.724958E+00,6.690690E+04,1.381994E+00,0.000000E+00,0.000000E+00,1.381994E+00,0.000000E+00,1.610624E+00,1.619622E+04,5.526903E+04,1.487308E+01,5.236376E+05,1.405350E+01,0.000000E+00,0.000000E+00,1.405350E+01,0.000000E+00,2.881719E+01,3.119061E+05,7.034193E+05
08:00:00,5.059601E+01,1.962495E+06,4.835313E+01,0.000000E+00,0.000000E+00,4.835313E+01,0.000000E+00,5.191469E+01,5.457703E+05,1.874148E+06,1.724958E+00,6.690690E+04,1.381994E+00,0.000000E+00,0.000000E+00,1.381994E+00,0.000000E+00,1.614829E+00,1.697643E+04,5.829619E+04,1.482898E+01,5.238013E+05,1.405350E+01,0.000000E+00,0.000000E+00,1.405350E+01,0.000000E+00,2.879908E+01,3.180620E+05,7.280561E+05
08:15:00,5.059601E+01,1.962495E+06,4.835313E+01,0.000000E+00,0.000000E+00,4.835313E+01,0.000000E+00,5.197184E+01,5.729142E+05,1.943384E+06,1.724958E+00,6.690690E+04,1.381994E+00,0.000000E+00,0.000000E+00,1.381994E+00,0.000000E+00,1.619511E+00,1.785276E+04,6.055839E+04,1.478488E+01,5.239653E+05,1.405350E+01,0.000000E+00,0.000000E+00,1.405350E+01,0.000000E+00,2.878569E+01,3.250225E+05,7.457818E+05
08:30:00,5.059602E+01,1.962495E+06,4.835313E+01,0.000000E+00,0.000000E+00,4.835313E+01,0.000000E+00,5.201762E+01,5.999852E+05,1.972585E+06,1.724958E+00,6.690690E+04,1.381994E+00,0.000000E+00,0.000000E+00,1.381994E+00,0.000000E+00,1.624686E+00,1.873956E+04,6.161047E+04,1.474078E+01,5.241297E+05,1.405350E+01,0.000000E+00,0.000000E+00,1.405350E+01,0.000000E+00,2.877684E+01,3.320308E+05,7.527918E+05
08:45:00,5.059602E+01,1.962495E+06,4.835313E+01,0.000000E+00,0.000000E+00,4.835313E+01,0.000000E+00,5.205300E+01,6.269778E+05,2.001434E+06,1.724959E+00,6.690690E+04,1.381994E+00,0.000000E+00,0.000000E+00,1.381994E+00,0.000000E+00,1.630228E+00,1.963608E+04,6.268218E+04,1.474078E+01,5.241297E+05,1.405350E+01,0.000000E+00,0.000000E+00,1.405350E+01,0.000000E+00,2.885679E+01,3.401443E+05,7.612524E+05
09:00:00,5.059602E+01,1.962495E+06,4.835313E+01,0.000000E+00,0.000000E+00,4.835313E+01,0.000000E+00,5.208112E+01,6.539154E+05,2.030038E+06,1.724959E+00,6.690690E+04,1.381994E+00,0.000000E+00,0.000000E+00,1.381994E+00,0.000000E+00,1.636144E+00,2.054294E+04,6.377423E+04,1.474077E+01,5.241297E+05,1.405350E+01,0.000000E+00,0.000000E+00,1.405350E+01,0.000000E+00,2.894154E+01,3.483105E+05,7.697827E+05
09:15:00,5.059603E+01,1.962496E+06,4.835313E+01,0.000000E+00,0.000000E+00,4.835313E+01,0.000000E+00,5.209833E+01,6.779382E+05,2.055343E+06,1.724959E+00,6.690690E+04,1.381994E+00,0.000000E+00,0.000000E+00,1.381994E+00,0.000000E+00,1.642274E+00,2.137036E+04,6.478970E+04,1.474076E+01,5.241297E+05,1.405350E+01,0.000000E+00,0.000000E+00,1.405350E+01,0.000000E+00,2.902484E+01,3.557009E+05,7.775114E+05
09:30:00,5.059603E+01,1.962496E+06,4.835313E+01,0.000000E+00,0.000000E+00,4.835313E+01,0.000000E+00,5.210125E+01,7.017844E+05,2.080093E+06,1.724959E+00,6.690690E+04,1.381994E+00,0.000000E+00,0.000000E+00,1.381994E+00,0.000000E+00,1.648553E+00,2.220539E+04,6.581689E+04,1.474076E+01,5.241298E+05,1.405350E+01,0.000000E+00,0.000000E+00,1.405350E+01,0.000000E+00,2.910418E+01,3.630417E+05,7.851718E+05
09:45:00,5.059603E+01,1.962496E+06,4.835313E+01,0.000000E+00,0.000000E+00,4.835313E+01,0.000000E+00,5.208757E+01,7.254021E+05,2.104175E+06,1.724959E+00,6.690690E+04,1.381994E+00,0.000000E+00,0.000000E+00,1.381994E+00,0.000000E+00,1.654965E+00,2.304802E+04,6.685543E+04,1.474076E+01,5.241298E+05,1.405350E+01,0.000000E+00,0.000000E+00,1.405350E+01,0.000000E+00,2.918037E+01,3.703415E+05,7.927653E+05
10:00:00,5.059604E+01,1.962496E+06,4.835313E+01,0.000000E+00,0.000000E+00,4.835313E+01,0.000000E+00,5.205704E+01,7.487648E+05,2.127556E+06,1.724959E+00,6.690690E+04,1.381994E+00,0.000000E+00,0.000000E+00,1.381994E+00,0.000000E+00,1.661561E+00,2.389914E+04,6.790749E+04,1.474075E+01,5.241298E+05,1.405350E+01,0.000000E+00,0.000000E+00,1.405350E+01,0.000000E+00,2.925667E+01,3.776378E+05,8.003333E+05
10:15:00,5.059604E+01,1.962496E+06,4.835313E+01,0.000000E+00,0.000000E+00,4.835313E+01,0.000000E+00,5.201167E+01,7.690833E+05,2.147401E+06,1.724959E+00,6.690690E+04,1.381994E+00,0.000000E+00,0.000000E+00,1.381994E+00,0.000000E+00,1.668347E+00,2.466942E+04,6.888089E+04,1.474075E+01,5.241298E+05,1.405350E+01,0.000000E+00,0.000000E+00,1.405350E+01,0.000000E+00,2.933629E+01,3.842128E+05,8.071453E+05
10:30:00,5.059604E+01,1.962496E+06,4.835313E+01,0.000000E+00,0.000000E+00,4.835313E+01,0.000000E+00,5.195665E+01,7.892187E+05,2.166806E+06,1.724959E+00,6.690690E+04,1.381994E+00,0.000000E+00,0.000000E+00,1.381994E+00,0.000000E+00,1.675338E+00,2.544829E+04,6.986848E+04,1.474076E+01,5.241298E+05,1.405350E+01,0.000000E+00,0.000000E+00,1.405350E+01,0.000000E+00,2.942238E+01,3.908595E+05,8.140273E+05
10:45:00,5.059605E+01,1.962496E+06,4.835313E+01,0.000000E+00,0.000000E+00,4.835313E+01,0.000000E+00,5.190028E+01,8.092886E+05,2.186108E+06,1.724959E+00,6.690690E+04,1.381994E+00,0.000000E+00,0.000000E+00,1.381994E+00,0.000000E+00,1.682456E+00,2.623479E+04,7.086727E+04,1.474076E+01,5.241297E+05,1.405350E+01,0.000000E+00,0.000000E+00,1.405350E+01,0.000000E+00,2.951806E+01,3.976163E+05,8.210273E+05
11:00:00,5.059605E+01,1.962496E+06,4.835313E+01,0.000000E+00,0.000000E+00,4.835313E+01,0.000000E+00,5.185013E+01,8.294126E+05,2.205628E+06,1.724959E+00,6.690690E+04,1.381994E+00,0.000000E+00,0.000000E+00,1.381994E+00,0.000000E+00,1.689718E+00,2.702930E+04,7.187809E+04,1.474076E+01,5.241297E+05,1.405350E+01,0.000000E+00,0.000000E+00,1.405350E+01,0.000000E+00,2.962535E+01,4.045105E+05,8.281835E+05
11:15:00,5.059605E+01,1.962496E+06,4.835313E+01,0.000000E+00,0.000000E+00,4.835313E+01,0.000000E+00,5.181192E+01,8.427284E+05,2.218413E+06,1.724959E+00,6.690690E+04,1.381994E+00,0.000000E+00,0.000000E+00,1.381994E+00,0.000000E+00,1.696986E+00,2.760172E+04,7.265923E+04,1.474076E+01,5.241297E+05,1.405350E+01,0.000000E+00,0.000000E+00,1.405350E+01,0.000000E+00,2.975241E+01,4.097782E+05,8.337353E+05
11:30:00,5.059606E+01,1.962497E+06,4.835313E+01,0.000000E+00,0.000000E+00,4.835313E+01,0.000000E+00,5.178793E+01,8.562587E+05,2.231789E+06,1.724959E+00,6.690690E+04,1.381994E+00,0.000000E+00,0.000000E+00,1.381994E+00,0.000000E+00,1.704177E+00,2.817677E+04,7.344114E+04,1.474077E+01,5.241297E+05,1.405350E+01,0.000000E+00,0.000000E+00,1.405350E+01,0.000000E+00,2.988731E+01,4.151424E+05,8.394202E+05
11:45:00,5.059606E+01,1.962497E+06,4.835313E+01,0.000000E+00,0.000000E+00,4.835313E+01,0.000000E+00,5.177587E+01,8.699766E+05,2.245670E+06,1.724959E+00,6.690690E+04,1.381994E+00,0.000000E+00,0.000000E+00,1.381994E+00,0.000000E+00,1.711254E+00,2.875376E+04,7.422207E+04,1.474077E+01,5.241297E+05,1.405350E+01,0.000000E+00,0.000000E+00,1.405350E+01,0.000000E+00,3.002659E+01,4.205622E+05,8.451690E+05
12:00:00,5.059606E+01,1.962497E+06,4.835313E+01,0.000000E+00,0.000000E+00,4.835313E+01,0.000000E+00,5.177254E+01,8.838371E+05,2.259926E+06,1.724959E+00,6.690690E+04,1.381994E+00,0.000000E+00,0.000000E+00,1.381994E+00,0.000000E+00,1.718176E+00,2.933192E+04,7.500019E+04,1.474077E+01,5.241297E+05,1.405350E+01,0.000000E+00,0.000000E+00,1.405350E+01,0.000000E+00,3.016617E+01,4.259893E+05,8.509254E+05
12:15:00,5.059606E+01,1.962497E+06,4.835313E+01,0.000000E+00,0.000000E+00,4.835313E+01,0.000000E+00,5.177730E+01,8.950526E+05,2.271655E+06,1.724959E+00,6.690690E+04,1.381994E+00,0.000000E+00,0.000000E+00,1.381994E+00,0.000000E+00,1.725354E+00,2.982548E+04,7.569745E+04,1.474078E+01,5.241297E+05,1.405350E+01,0.000000E+00,0.000000E+00,1.405350E+01,0.000000E+00,3.030171E+01,4.306170E+05,8.558689E+05
12:30:00,5.059607E+01,1.962497E+06,4.835313E+01,0.000000E+00,0.000000E+00,4.835313E+01,0.000000E+00,5.178471E+01,9.063165E+05,2.283503E+06,1.724959E+00,6.690690E+04,1.381994E+00,0.000000E+00,0.000000E+00,1.381994E+00,0.000000E+00,1.732488E+00,3.032135E+04,7.639593E+04,1.474078E+01,5.241297E+05,1.405350E+01,0.000000E+00,0.000000E+00,1.405350E+01,0.000000E+00,3.042924E+01,4.351528E+05,8.607051E+05
12:45:00,5.059607E+01,1.962497E+06,4.835313E+01,0.000000E+00,0.000000E+00,4.835313E+01,0.000000E+00,5.179011E+01,9.175479E+05,2.295264E+06,1.724959E+00,6.690690E+04,1.381994E+00,0.000000E+00,0.000000E+00,1.381994E+00,0.000000E+00,1.739200E+00,3.081283E+04,7.707888E+04,1.474078E+01,5.241296E+05,1.405350E+01,0.000000E+00,0.000000E+00,1.405350E+01,0.000000E+00,3.054681E+01,4.395730E+05,8.654046E+05
13:00:00,5.059607E+01,1.962497E+06,4.835313E+01,0.000000E+00,0.000000E+00,4.835313E+01,0.000000E+00,5.179376E+01,9.287502E+05,2.306950E+06,1.724959E+00,6.690690E+04,1.381994E+00,0.000000E+00,0.000000E+00,1.381994E+00,0.000000E+00,1.745703E+00,3.130343E+04,7.775551E+04,1.474079E+01,5.241296E+05,1.405350E+01,0.000000E+00,0.000000E+00,1.405350E+01,0.000000E+00,3.065315E+01,4.438625E+05,8.699508E+05
13:15:00,5.059607E+01,1.962497E+06,4.835313E+01,0.000000E+00,0.000000E+00,4.835313E+01,0.000000E+00,5.180095E+01,9.358413E+05,2.314474E+06,1.724959E+00,6.690690E+04,1.381994E+00,0.000000E+00,0.000000E+00,1.381994E+00,0.000000E+00,1.752853E+00,3.166721E+04,7.831771E+04,1.474079E+01,5.241296E+05,1.405350E+01,0.000000E+00,0.000000E+00,1.405350E+01,0.000000E+00,3.074770E+01,4.468812E+05,8.731711E+05
13:30:00,5.059608E+01,1.962497E+06,4.835313E+01,0.000000E+00,0.000000E+00,4.835313E+01,0.000000E+00,5.181727E+01,9.431002E+05,2.322409E+06,1.724959E+00,6.690690E+04,1.381994E+00,0.000000E+00,0.000000E+00,1.381994E+00,0.000000E+00,1.761941E+00,3.206821E+04,7.896883E+04,1.474080E+01,5.241296E+05,1.405350E+01,0.000000E+00,0.000000E+00,1.405350E+01,0.000000E+00,3.083087E+01,4.497672E+05,8.762397E+05
13:45:00,5.059608E+01,1.962498E+06,4.835313E+01,0.000000E+00,0.000000E+00,4.835313E+01,0.000000E+00,5.184444E+01,9.505627E+05,2.330837E+06,1.724959E+00,6.690690E+04,1.381994E+00,0.000000E+00,0.000000E+00,1.381994E+00,0.000000E+00,1.773891E+00,3.252411E+04,7.975108E+04,1.474080E+01,5.241296E+05,1.405350E+01,0.000000E+00,0.000000E+00,1.405350E+01,0.000000E+00,3.090383E+01,4.525337E+05,8.791666E+05
14:00:00,5.059608E+01,1.962498E+06,4.835313E+01,0.000000E+00,0.000000E+00,4.835313E+01,0.000000E+00,5.188744E+01,9.583248E+05,2.339987E+06,1.724959E+00,6.690690E+04,1.381994E+00,0.000000E+00,0.000000E+00,1.381994E+00,0.000000E+00,1.790093E+00,3.306177E+04,8.072847E+04,1.474080E+01,5.241296E+05,1.405350E+01,0.000000E+00,0.000000E+00,1.405350E+01,0.000000E+00,3.096834E+01,4.552012E+05,8.819743E+05
14:15:00,5.059608E+01,1.962498E+06,4.835313E+01,0.000000E+00,0.000000E+00,4.835313E+01,0.000000E+00,5.194944E+01,9.594698E+05,2.342782E+06,1.724959E+00,6.690690E+04,1.381994E+00,0.000000E+00,0.000000E+00,1.381994E+00,0.000000E+00,1.811525E+00,3.345759E+04,8.169498E+04,1.474081E+01,5.241296E+05,1.405350E+01,0.000000E+00,0.000000E+00,1.405350E+01,0.000000E+00,3.102547E+01,4.558930E+05,8.827354E+05
14:30:00,5.059609E+01,1.962498E+06,4.835313E+01,0.000000E+00,0.000000E+00,4.835313E+01,0.000000E+00,5.202959E+01,9.609501E+05,2.346397E+06,1.724959E+00,6.690690E+04,1.381994E+00,0.000000E+00,0.000000E+00,1.381994E+00,0.000000E+00,1.838046E+00,3.394742E+04,8.289102E+04,1.474081E+01,5.241295E+05,1.405350E+01,0.000000E+00,0.000000E+00,1.405350E+01,0.000000E+00,3.107763E+01,4.565261E+05,8.834303E+05
14:45:00,5.059609E+01,1.962498E+06,4.835313E+01,0.000000E+00,0.000000E+00,4.835313E+01,0.000000E+00,5.212334E+01,9.626816E+05,2.350625E+06,1.724959E+00,6.690690E+04,1.381994E+00,0.000000E+00,0.000000E+00,1.381994E+00,0.000000E+00,1.868458E+00,3.450911E+04,8.426253E+04,1.474082E+01,5.241295E+05,1.405350E+01,0.000000E+00,0.000000E+00,1.405350E+01,0.000000E+00,3.112777E+01,4.571348E+05,8.840921E+05
15:00:00,5.059609E+01,1.962498E+06,4.835313E+01,0.000000E+00,0.000000E+00,4.835313E+01,0.000000E+00,5.222417E+01,9.645440E+05,2.355172E+06,1.724959E+00,6.690690E+04,1.381994E+00,0.000000E+00,0.000000E+00,1.381994E+00,0.000000E+00,1.901212E+00,3.511405E+04,8.573962E+04,1.474082E+01,5.241295E+05,1.405350E+01,0.000000E+00,0.000000E+00,1.405350E+01,0.000000E+00,3.117691E+01,4.577304E+05,8.847316E+05
15:15:00,5.059609E+01,1.962498E+06,4.835313E+01,0.000000E+00,0.000000E+00,4.835313E+01,0.000000E+00,5.232336E+01,9.579372E+05,2.350913E+06,1.724959E+00,6.690690E+04,1.381994E+00,0.000000E+00,0.000000E+00,1.381994E+00,0.000000E+00,1.934056E+00,3.540873E+04,8.689804E+04,1.474082E+01,5.241295E+05,1.405350E+01,0.000000E+00,0.000000E+00,1.405350E+01,0.000000E+00,3.122333E+01,4.560260E+05,8.830057E+05
15:30:00,5.059610E+01,1.962498E+06,4.835313E+01,0.000000E+00,0.000000E+00,4.835313E+01,0.000000E+00,5.241460E+01,9.511542E+05,2.346266E+06,1.724959E+00,6.690690E+04,1.381994E+00,0.000000E+00,0.000000E+00,1.381994E+00,0.000000E+00,1.965254E+00,3.566296E+04,8.797184E+04,1.474083E+01,5.241295E+05,1.405350E+01,0.000000E+00,0.000000E+00,1.405350E+01,0.000000E+00,3.126484E+01,4.542619E+05,8.812230E+05
15:45:00,5.059610E+01,1.962498E+06,4.835313E+01,0.000000E+00,0.000000E+00,4.835313E+01,0.000000E+00,5.249476E+01,9.441424E+05,2.341093E+06,1.724959E+00,6.690690E+04,1.381994E+00,0.000000E+00,0.000000E+00,1.381994E+00,0.000000E+00,1.993798E+00,3.585938E+04,8.891684E+04,1.474083E+01,5.241295E+05,1.405350E+01,0.000000E+00,0.000000E+00,1.405350E+01,0.000000E+00,3.129883E+01,4.524072E+05,8.793467E+05
16:00:00,5.059610E+01,1.962498E+06,4.835313E+01,0.000000E+00,0.000000E+00,4.835313E+01,0.000000E+00,5.256223E+01,9.368787E+05,2.335331E+06,1.724959E+00,6.690690E+04,1.381994E+00,0.000000E+00,0.000000E+00,1.381994E+00,0.000000E+00,2.019191E+00,3.599043E+04,8.971233E+04,1.474084E+01,5.241294E+05,1.405350E+01,0.000000E+00,0.000000E+00,1.405350E+01,0.000000E+00,3.132060E+01,4.504065E+05,8.773177E+05
16:15:00,5.059610E+01,1.962498E+06,4.835313E+01,0.000000E+00,0.000000E+00,4.835313E+01,0.000000E+00,5.261670E+01,9.265350E+05,2.326044E+06,1.724959E+00,6.690690E+04,1.381994E+00,0.000000E+00,0.000000E+00,1.381994E+00,0.000000E+00,2.041283E+00,3.594524E+04,9.023965E+04,1.474084E+01,5.241294E+05,1.405350E+01,0.000000E+00,0.000000E+00,1.405350E+01,0.000000E+00,3.132681E+01,4.474651E+05,8.743170E+05
16:30:00,5.059610E+01,1.962498E+06,4.835313E+01,0.000000E+00,0.000000E+00,4.835313E+01,0.000000E+00,5.265868E+01,9.159505E+05,2.316182E+06,1.724959E+00,6.690690E+04,1.381994E+00,0.000000E+00,0.000000E+00,1.381994E+00,0.000000E+00,2.060042E+00,3.583258E+04,9.061056E+04,1.474085E+01,5.241294E+05,1.405350E+01,0.000000E+00,0.000000E+00,1.405350E+01,0.000000E+00,3.131853E+01,4.443513E+05,8.711283E+05
16:45:00,5.059611E+01,1.962499E+06,4.835313E+01,0.000000E+00,0.000000E+00,4.835313E+01,0.000000E+00,5.269022E+01,9.051685E+05,2.305845E+06,1.724959E+00,6.690690E+04,1.381994E+00,0.000000E+00,0.000000E+00,1.381994E+00,0.000000E+00,2.075693E+00,3.565845E+04,9.083709E+04,1.474085E+01,5.241294E+05,1.405350E+01,0.000000E+00,0.000000E+00,1.405350E+01,0.000000E+00,3.130083E+01,4.411251E+05,8.677994E+05
17:00:00,5.059611E+01,1.962499E+06,4.835313E+01,0.000000E+00,0.000000E+00,4.835313E+01,0.000000E+00,5.270637E+01,8.941121E+05,2.294825E+06,1.724959E+00,6.690690E+04,1.381994E+00,0.000000E+00,0.000000E+00,1.381994E+00,0.000000E+00,2.087089E+00,3.540542E+04,9.087143E+04,1.474086E+01,5.241294E+05,1.405350E+01,0.000000E+00,0.000000E+00,1.405350E+01,0.000000E+00,3.127525E+01,4.378054E+05,8.643305E+05
17:15:00,5.059611E+01,1.962499E+06,4.835313E+01,0.000000E+00,0.000000E+00,4.835313E+01,0.000000E+00,5.270655E+01,8.799477E+05,2.280173E+06,1.724959E+00,6.690690E+04,1.381994E+00,0.000000E+00,0.000000E+00,1.381994E+00,0.000000E+00,2.094223E+00,3.496352E+04,9.059958E+04,1.474086E+01,5.241294E+05,1.405350E+01,0.000000E+00,0.000000E+00,1.405350E+01,0.000000E+00,3.124321E+01,4.336554E+05,8.599958E+05
17:30:00,5.059611E+01,1.962499E+06,4.835313E+01,0.000000E+00,0.000000E+00,4.835313E+01,0.000000E+00,5.269089E+01,8.655229E+05,2.264841E+06,1.724959E+00,6.690690E+04,1.381994E+00,0.000000E+00,0.000000E+00,1.381994E+00,0.000000E+00,2.097309E+00,3.445129E+04,9.014976E+04,1.474086E+01,5.241293E+05,1.405350E+01,0.000000E+00,0.000000E+00,1.405350E+01,0.000000E+00,3.120755E+01,4.294660E+05,8.556377E+05
17:45:00,5.059611E+01,1.962499E+06,4.835313E+01,0.000000E+00,0.000000E+00,4.835313E+01,0.000000E+00,5.265850E+01,8.508363E+05,2.248802E+06,1.724959E+00,6.690690E+04,1.381994E+00,0.000000E+00,0.000000E+00,1.381994E+00,0.000000E+00,2.096192E+00,3.386949E+04,8.951872E+04,1.474087E+01,5.241293E+05,1.405350E+01,0.000000E+00,0.000000E+00,1.405350E+01,0.000000E+00,3.116983E+01,4.252562E+05,8.512764E+05
18:00:00,5.059612E+01,1.962499E+06,4.835313E+01,0.000000E+00,0.000000E+00,4.835313E+01,0.000000E+00,5.260725E+01,8.358674E+05,2.231981E+06,1.724959E+00,6.690690E+04,1.381994E+00,0.000000E+00,0.000000E+00,1.381994E+00,0.000000E+00,2.090166E+00,3.321028E+04,8.868002E+04,1.474087E+01,5.241293E+05,1.405350E+01,0.000000E+00,0.000000E+00,1.405350E+01,0.000000E+00,3.112844E+01,4.210066E+05,8.468780E+05
18:15:00,5.059612E+01,1.962499E+06,4.835313E+01,0.000000E+00,0.000000E+00,4.835313E+01,0.000000E+00,5.253466E+01,8.135319E+05,2.206984E+06,1.724959E+00,6.690690E+04,1.381994E+00,0.000000E+00,0.000000E+00,1.381994E+00,0.000000E+00,2.078549E+00,3.218763E+04,8.731996E+04,1.474088E+01,5.241293E+05,1.405350E+01,0.000000E+00,0.000000E+00,1.405350E+01,0.000000E+00,3.107782E+01,4.147600E+05,8.404096E+05
18:30:00,5.059612E+01,1.962499E+06,4.835313E+01,0.000000E+00,0.000000E+00,4.835313E+01,0.000000E+00,5.244096E+01,7.909368E+05,2.181170E+06,1.724959E+00,6.690690E+04,1.381994E+00,0.000000E+00,0.000000E+00,1.381994E+00,0.000000E+00,2.060915E+00,3.108360E+04,8.571937E+04,1.474088E+01,5.241293E+05,1.405350E+01,0.000000E+00,0.000000E+00,1.405350E+01,0.000000E+00,3.101525E+01,4.083695E+05,8.337752E+05
18:45:00,5.059612E+01,1.962499E+06,4.835313E+01,0.000000E+00,0.000000E+00,4.835313E+01,0.000000E+00,5.231941E+01,7.680084E+05,2.154286E+06,1.724959E+00,6.690690E+04,1.381994E+00,0.000000E+00,0.000000E+00,1.381994E+00,0.000000E+00,2.034972E+00,2.987181E+04,8.379129E+04,1.474089E+01,5.241293E+05,1.405350E+01,0.000000E+00,0.000000E+00,1.405350E+01,0.000000E+00,3.093607E+01,4.017748E+05,8.269036E+05
19:00:00,5.059612E+01,1.962499E+06,4.835313E+01,0.000000E+00,0.000000E+00,4.835313E+01,0.000000E+00,5.217006E+01,7.447811E+05,2.126371E+06,1.724959E+00,6.690690E+04,1.381994E+00,0.000000E+00,0.000000E+00,1.381994E+00,0.000000E+00,2.000130E+00,2.855390E+04,8.152218E+04,1.474089E+01,5.241292E+05,1.405350E+01,0.000000E+00,0.000000E+00,1.405350E+01,0.000000E+00,3.083637E+01,3.949238E+05,8.197638E+05
19:15:00,5.059613E+01,1.962499E+06,4.835313E+01,0.000000E+00,0.000000E+00,4.835313E+01,0.000000E+00,5.201091E+01,7.271305E+05,2.103971E+06,1.724959E+00,6.690690E+04,1.381994E+00,0.000000E+00,0.000000E+00,1.381994E+00,0.000000E+00,1.960528E+00,2.740886E+04,7.930825E+04,1.474089E+01,5.241292E+05,1.405350E+01,0.000000E+00,0.000000E+00,1.405350E+01,0.000000E+00,3.072354E+01,3.894154E+05,8.140130E+05
19:30:00,5.059613E+01,1.962499E+06,4.835313E+01,0.000000E+00,0.000000E+00,4.835313E+01,0.000000E+00,5.185390E+01,7.096033E+05,2.081755E+06,1.724959E+00,6.690690E+04,1.381994E+00,0.000000E+00,0.000000E+00,1.381994E+00,0.000000E+00,1.919285E+00,2.626477E+04,7.705267E+04,1.474090E+01,5.241292E+05,1.405350E+01,0.000000E+00,0.000000E+00,1.405350E+01,0.000000E+00,3.060256E+01,3.838005E+05,8.080870E+05
19:45:00,5.059613E+01,1.962499E+06,4.835313E+01,0.000000E+00,0.000000E+00,4.835313E+01,0.000000E+00,5.170654E+01,6.922981E+05,2.060020E+06,1.724959E+00,6.690690E+04,1.381994E+00,0.000000E+00,0.000000E+00,1.381994E+00,0.000000E+00,1.878786E+00,2.515505E+04,7.485199E+04,1.474090E+01,5.241292E+05,1.405350E+01,0.000000E+00,0.000000E+00,1.405350E+01,0.000000E+00,3.047737E+01,3.781279E+05,8.020468E+05
20:00:00,5.059613E+01,1.962500E+06,4.835313E+01,0.000000E+00,0.000000E+00,4.835313E+01,0.000000E+00,5.157766E+01,6.753221E+05,2.039105E+06,1.724959E+00,6.690690E+04,1.381994E+00,0.000000E+00,0.000000E+00,1.381994E+00,0.000000E+00,1.841909E+00,2.411668E+04,7.281922E+04,1.474091E+01,5.241292E+05,1.405350E+01,0.000000E+00,0.000000E+00,1.405350E+01,0.000000E+00,3.035219E+01,3.724522E+05,7.959869E+05
20:15:00,5.059613E+01,1.962500E+06,4.835313E+01,0.000000E+00,0.000000E+00,4.835313E+01,0.000000E+00,5.147795E+01,6.615631E+05,2.022277E+06,1.724959E+00,6.690690E+04,1.381994E+00,0.000000E+00,0.000000E+00,1.381994E+00,0.000000E+00,1.811954E+00,2.328612E+04,7.118140E+04,1.474091E+01,5.241292E+05,1.405350E+01,0.000000E+00,0.000000E+00,1.405350E+01,0.000000E+00,3.023485E+01,3.676261E+05,7.908191E+05
20:30:00,5.059613E+01,1.962500E+06,4.835313E+01,0.000000E+00,0.000000E+00,4.835313E+01,0.000000E+00,5.140981E+01,6.482503E+05,2.006732E+06,1.724959E+00,6.690690E+04,1.381994E+00,0.000000E+00,0.000000E+00,1.381994E+00,0.000000E+00,1.790084E+00,2.257201E+04,6.987419E+04,1.474092E+01,5.241291E+05,1.405350E+01,0.000000E+00,0.000000E+00,1.405350E+01,0.000000E+00,3.013081E+01,3.629626E+05,7.858571E+05
20:45:00,5.059614E+01,1.962500E+06,4.835313E+01,0.000000E+00,0.000000E+00,4.835313E+01,0.000000E+00,5.135852E+01,6.351790E+05,1.991874E+06,1.724959E+00,6.690690E+04,1.381994E+00,0.000000E+00,0.000000E+00,1.381994E+00,0.000000E+00,1.773076E+00,2.192860E+04,6.876644E+04,1.474092E+01,5.241291E+05,1.405350E+01,0.000000E+00,0.000000E+00,1.405350E+01,0.000000E+00,3.003399E+01,3.583900E+05,7.810103E+05
21:00:00,5.059614E+01,1.962500E+06,4.835313E+01,0.000000E+00,0.000000E+00,4.835313E+01,0.000000E+00,5.131580E+01,6.222363E+05,1.977371E+06,1.724959E+00,6.690690E+04,1.381994E+00,0.000000E+00,0.000000E+00,1.381994E+00,0.000000E+00,1.758992E+00,2.132888E+04,6.777988E+04,1.474093E+01,5.241291E+05,1.405350E+01,0.000000E+00,0.000000E+00,1.405350E+01,0.000000E+00,2.994034E+01,3.538587E+05,7.762156E+05
21:15:00,5.059614E+01,1.962500E+06,4.835313E+01,0.000000E+00,0.000000E+00,4.835313E+01,0.000000E+00,5.127849E+01,6.093786E+05,1.963097E+06,1.724959E+00,6.690690E+04,1.381994E+00,0.000000E+00,0.000000E+00,1.381994E+00,0.000000E+00,1.746936E+00,2.076008E+04,6.687805E+04,1.473982E+01,5.241332E+05,1.405350E+01,0.000000E+00,0.000000E+00,1.405350E+01,0.000000E+00,2.985130E+01,3.493872E+05,7.714980E+05
21:30:00,5.059614E+01,1.962500E+06,4.835313E+01,0.000000E+00,0.000000E+00,4.835313E+01,0.000000E+00,5.124496E+01,5.965831E+05,1.948986E+06,1.724959E+00,6.690690E+04,1.381994E+00,0.000000E+00,0.000000E+00,1.381994E+00,0.000000E+00,1.736352E+00,2.021424E+04,6.603818E+04,1.473871E+01,5.241374E+05,1.405350E+01,0.000000E+00,0.000000E+00,1.405350E+01,0.000000E+00,2.976403E+01,3.449391E+05,7.668008E+05
21:45:00,5.059614E+01,1.962500E+06,4.835313E+01,0.000000E+00,0.000000E+00,4.835313E+01,0.000000E+00,5.121393E+01,5.838321E+05,1.934986E+06,1.724959E+00,6.690690E+04,1.381994E+00,0.000000E+00,0.000000E+00,1.381994E+00,0.000000E+00,1.726836E+00,1.968571E+04,6.524404E+04,1.473761E+01,5.241415E+05,1.405350E+01,0.000000E+00,0.000000E+00,1.405350E+01,0.000000E+00,2.967783E+01,3.405056E+05,7.621285E+05
22:00:00,5.059614E+01,1.962500E+06,4.835313E+01,0.000000E+00,0.000000E+00,4.835313E+01,0.000000E+00,5.118467E+01,5.711160E+05,1.921068E+06,1.724959E+00,6.690690E+04,1.381994E+00,0.000000E+00,0.000000E+00,1.381994E+00,0.000000E+00,1.718137E+00,1.917089E+04,6.448529E+04,1.473650E+01,5.241456E+05,1.405350E+01,0.000000E+00,0.000000E+00,1.405350E+01,0.000000E+00,2.959266E+01,3.360860E+05,7.574712E+05
22:15:00,5.059614E+01,1.962500E+06,4.835313E+01,0.000000E+00,0.000000E+00,4.835313E+01,0.000000E+00,5.115703E+01,5.611818E+05,1.910070E+06,1.724959E+00,6.690690E+04,1.381994E+00,0.000000E+00,0.000000E+00,1.381994E+00,0.000000E+00,1.710113E+00,1.875958E+04,6.385116E+04,1.473540E+01,5.241497E+05,1.405350E+01,0.000000E+00,0.000000E+00,1.405350E+01,0.000000E+00,2.950915E+01,3.324425E+05,7.536130E+05
22:30:00,5.059615E+01,1.962500E+06,4.835313E+01,0.000000E+00,0.000000E+00,4.835313E+01,0.000000E+00,5.113071E+01,5.512724E+05,1.899133E+06,1.724959E+00,6.690690E+04,1.381994E+00,0.000000E+00,0.000000E+00,1.381994E+00,0.000000E+00,1.702644E+00,1.835728E+04,6.324080E+04,1.473429E+01,5.241539E+05,1.405350E+01,0.000000E+00,0.000000E+00,1.405350E+01,0.000000E+00,2.943243E+01,3.288940E+05,7.498698E+05
22:45:00,5.059615E+01,1.962500E+06,4.835313E+01,0.000000E+00,0.000000E+00,4.835313E+01,0.000000E+00,5.110549E+01,5.413845E+05,1.861220E+06,1.724959E+00,6.690690E+04,1.381994E+00,0.000000E+00,0.000000E+00,1.381994E+00,0.000000E+00,1.695640E+00,1.796272E+04,6.175383E+04,1.473430E+01,5.241538E+05,1.405350E+01,0.000000E+00,0.000000E+00,1.405350E+01,0.000000E+00,2.935533E+01,3.253403E+05,7.386793E+05
23:00:00,5.059615E+01,1.962500E+06,4.835313E+01,0.000000E+00,0.000000E+00,4.835313E+01,0.000000E+00,5.108124E+01,5.315161E+05,1.822444E+06,1.724959E+00,6.690690E+04,1.381994E+00,0.000000E+00,0.000000E+00,1.381994E+00,0.000000E+00,1.689045E+00,1.757504E+04,6.026067E+04,1.473430E+01,5.241538E+05,1.405350E+01,0.000000E+00,0.000000E+00,1.405350E+01,0.000000E+00,2.928009E+01,3.218087E+05,7.272333E+05
23:15:00,5.059615E+01,1.962500E+06,4.835313E+01,0.000000E+00,0.000000E+00,4.835313E+01,0.000000E+00,5.105784E+01,5.216657E+05,1.784035E+06,1.724959E+00,6.690690E+04,1.381994E+00,0.000000E+00,0.000000E+00,1.381994E+00,0.000000E+00,1.682806E+00,1.719349E+04,5.879967E+04,1.473431E+01,5.241538E+05,1.405350E+01,0.000000E+00,0.000000E+00,1.405350E+01,0.000000E+00,2.920676E+01,3.182998E+05,7.158872E+05
23:30:00,5.059615E+01,1.962500E+06,4.835313E+01,0.000000E+00,0.000000E+00,4.835313E+01,0.000000E+00,5.103523E+01,5.118319E+05,1.745984E+06,1.724959E+00,6.690690E+04,1.381994E+00,0.000000E+00,0.000000E+00,1.381994E+00,0.000000E+00,1.676885E+00,1.681746E+04,5.736850E+04,1.473431E+01,5.241538E+05,1.405350E+01,0.000000E+00,0.000000E+00,1.405350E+01,0.000000E+00,2.913534E+01,3.148136E+05,7.046511E+05
23:45:00,5.059615E+01,1.962500E+06,4.835313E+01,0.000000E+00,0.000000E+00,4.835313E+01,0.000000E+00,5.101306E+01,5.020109E+05,1.708277E+06,1.724959E+00,6.690690E+04,1.381994E+00,0.000000E+00,0.000000E+00,1.381994E+00,0.000000E+00,1.671219E+00,1.644618E+04,5.596418E+04,1.473431E+01,5.241538E+05,1.405350E+01,0.000000E+00,0.000000E+00,1.405350E+01,0.000000E+00,2.906540E+01,3.113450E+05,6.935094E+05
24:00:00,5.059615E+01,1.962500E+06,4.835313E+01,0.000000E+00,0.000000E+00,4.835313E+01,0.000000E+00,5.099127E+01,4.922020E+05,1.670906E+06,1.724959E+00,6.690690E+04,1.381994E+00,0.000000E+00,0.000000E+00,1.381994E+00,0.000000E+00,1.665782E+00,1.607925E+04,5.458512E+04,1.473432E+01,5.241538E+05,1.405350E+01,0.000000E+00,0.000000E+00,1.405350E+01,0.000000E+00,2.899690E+01,3.078936E+05,6.824617E+05
Coinc Peak   ,5.059615E+01,5.270655E+01,1.962500E+06,9.590540E+05,1.724959E+00,2.097309E+00,6.690690E+04,3.655396E+04,1.500535E+01,3.132681E+01,5.230119E+05,4.341760E+05
NonCoinc Peak,5.059615E+01,5.338312E+01,1.962500E+06,9.590540E+05,1.724959E+00,2.097309E+00,6.690690E+04,3.655396E+04,1.500574E+01,3.183885E+01,5.230119E+05,4.341760E+05
